q_name,q_label,gender,response,n
IC001Q01TA,Available for you to use at home: Desktop computer,Female,"Yes, and I use it",983
IC001Q01TA,Available for you to use at home: Desktop computer,Female,"Yes, but I don't use it",492
IC001Q01TA,Available for you to use at home: Desktop computer,Female,No,496
IC001Q01TA,Available for you to use at home: Desktop computer,Male,"Yes, and I use it",1219
IC001Q01TA,Available for you to use at home: Desktop computer,Male,"Yes, but I don't use it",332
IC001Q01TA,Available for you to use at home: Desktop computer,Male,No,410
IC001Q02TA,"Available for you to use at home: Portable laptop, or notebook",Female,"Yes, and I use it",1603
IC001Q02TA,"Available for you to use at home: Portable laptop, or notebook",Female,"Yes, but I don't use it",194
IC001Q02TA,"Available for you to use at home: Portable laptop, or notebook",Female,No,175
IC001Q02TA,"Available for you to use at home: Portable laptop, or notebook",Male,"Yes, and I use it",1500
IC001Q02TA,"Available for you to use at home: Portable laptop, or notebook",Male,"Yes, but I don't use it",274
IC001Q02TA,"Available for you to use at home: Portable laptop, or notebook",Male,No,189
IC001Q03TA,"Available for you to use at home: <Tablet computer> (e.g. <iPad®>, <BlackBerry® PlayBook>)",Female,"Yes, and I use it",1070
IC001Q03TA,"Available for you to use at home: <Tablet computer> (e.g. <iPad®>, <BlackBerry® PlayBook>)",Female,"Yes, but I don't use it",496
IC001Q03TA,"Available for you to use at home: <Tablet computer> (e.g. <iPad®>, <BlackBerry® PlayBook>)",Female,No,405
IC001Q03TA,"Available for you to use at home: <Tablet computer> (e.g. <iPad®>, <BlackBerry® PlayBook>)",Male,"Yes, and I use it",1159
IC001Q03TA,"Available for you to use at home: <Tablet computer> (e.g. <iPad®>, <BlackBerry® PlayBook>)",Male,"Yes, but I don't use it",421
IC001Q03TA,"Available for you to use at home: <Tablet computer> (e.g. <iPad®>, <BlackBerry® PlayBook>)",Male,No,369
IC001Q04TA,Available for you to use at home: Internet connection,Female,"Yes, and I use it",1869
IC001Q04TA,Available for you to use at home: Internet connection,Female,"Yes, but I don't use it",24
IC001Q04TA,Available for you to use at home: Internet connection,Female,No,74
IC001Q04TA,Available for you to use at home: Internet connection,Male,"Yes, and I use it",1875
IC001Q04TA,Available for you to use at home: Internet connection,Male,"Yes, but I don't use it",27
IC001Q04TA,Available for you to use at home: Internet connection,Male,No,56
IC001Q05TA,"Available for you to use at home: <Video games console>, e.g. <Sony® PlayStation®>",Female,"Yes, and I use it",644
IC001Q05TA,"Available for you to use at home: <Video games console>, e.g. <Sony® PlayStation®>",Female,"Yes, but I don't use it",789
IC001Q05TA,"Available for you to use at home: <Video games console>, e.g. <Sony® PlayStation®>",Female,No,532
IC001Q05TA,"Available for you to use at home: <Video games console>, e.g. <Sony® PlayStation®>",Male,"Yes, and I use it",1386
IC001Q05TA,"Available for you to use at home: <Video games console>, e.g. <Sony® PlayStation®>",Male,"Yes, but I don't use it",274
IC001Q05TA,"Available for you to use at home: <Video games console>, e.g. <Sony® PlayStation®>",Male,No,298
IC001Q06TA,Available for you to use at home: <Cell phone> (without Internet access),Female,"Yes, and I use it",587
IC001Q06TA,Available for you to use at home: <Cell phone> (without Internet access),Female,"Yes, but I don't use it",455
IC001Q06TA,Available for you to use at home: <Cell phone> (without Internet access),Female,No,916
IC001Q06TA,Available for you to use at home: <Cell phone> (without Internet access),Male,"Yes, and I use it",742
IC001Q06TA,Available for you to use at home: <Cell phone> (without Internet access),Male,"Yes, but I don't use it",376
IC001Q06TA,Available for you to use at home: <Cell phone> (without Internet access),Male,No,827
IC001Q07TA,Available for you to use at home: <Cell phone> (with Internet access),Female,"Yes, and I use it",1813
IC001Q07TA,Available for you to use at home: <Cell phone> (with Internet access),Female,"Yes, but I don't use it",101
IC001Q07TA,Available for you to use at home: <Cell phone> (with Internet access),Female,No,55
IC001Q07TA,Available for you to use at home: <Cell phone> (with Internet access),Male,"Yes, and I use it",1739
IC001Q07TA,Available for you to use at home: <Cell phone> (with Internet access),Male,"Yes, but I don't use it",128
IC001Q07TA,Available for you to use at home: <Cell phone> (with Internet access),Male,No,98
IC001Q08TA,"Available for you to use at home: Portable music player (Mp3\Mp4 player, iPod® or similar)",Female,"Yes, and I use it",1352
IC001Q08TA,"Available for you to use at home: Portable music player (Mp3\Mp4 player, iPod® or similar)",Female,"Yes, but I don't use it",385
IC001Q08TA,"Available for you to use at home: Portable music player (Mp3\Mp4 player, iPod® or similar)",Female,No,233
IC001Q08TA,"Available for you to use at home: Portable music player (Mp3\Mp4 player, iPod® or similar)",Male,"Yes, and I use it",1336
IC001Q08TA,"Available for you to use at home: Portable music player (Mp3\Mp4 player, iPod® or similar)",Male,"Yes, but I don't use it",338
IC001Q08TA,"Available for you to use at home: Portable music player (Mp3\Mp4 player, iPod® or similar)",Male,No,276
IC001Q09TA,Available for you to use at home: Printer,Female,"Yes, and I use it",1336
IC001Q09TA,Available for you to use at home: Printer,Female,"Yes, but I don't use it",296
IC001Q09TA,Available for you to use at home: Printer,Female,No,327
IC001Q09TA,Available for you to use at home: Printer,Male,"Yes, and I use it",1277
IC001Q09TA,Available for you to use at home: Printer,Male,"Yes, but I don't use it",397
IC001Q09TA,Available for you to use at home: Printer,Male,No,274
IC001Q10TA,Available for you to use at home: USB (memory) stick,Female,"Yes, and I use it",1427
IC001Q10TA,Available for you to use at home: USB (memory) stick,Female,"Yes, but I don't use it",454
IC001Q10TA,Available for you to use at home: USB (memory) stick,Female,No,86
IC001Q10TA,Available for you to use at home: USB (memory) stick,Male,"Yes, and I use it",1457
IC001Q10TA,Available for you to use at home: USB (memory) stick,Male,"Yes, but I don't use it",402
IC001Q10TA,Available for you to use at home: USB (memory) stick,Male,No,84
IC001Q11TA,"Available for you to use at home: <ebook reader>, e.g. <Amazon® Kindle>",Female,"Yes, and I use it",245
IC001Q11TA,"Available for you to use at home: <ebook reader>, e.g. <Amazon® Kindle>",Female,"Yes, but I don't use it",370
IC001Q11TA,"Available for you to use at home: <ebook reader>, e.g. <Amazon® Kindle>",Female,No,1345
IC001Q11TA,"Available for you to use at home: <ebook reader>, e.g. <Amazon® Kindle>",Male,"Yes, and I use it",266
IC001Q11TA,"Available for you to use at home: <ebook reader>, e.g. <Amazon® Kindle>",Male,"Yes, but I don't use it",348
IC001Q11TA,"Available for you to use at home: <ebook reader>, e.g. <Amazon® Kindle>",Male,No,1317
IC002Q01NA,How old were you when you first used a digital device?,Female,6 years old or younger,542
IC002Q01NA,How old were you when you first used a digital device?,Female,7-9 years old,712
IC002Q01NA,How old were you when you first used a digital device?,Female,10-12 years old,547
IC002Q01NA,How old were you when you first used a digital device?,Female,13 years old or older,154
IC002Q01NA,How old were you when you first used a digital device?,Female,I have never used a digital device until today,5
IC002Q01NA,How old were you when you first used a digital device?,Male,6 years old or younger,706
IC002Q01NA,How old were you when you first used a digital device?,Male,7-9 years old,657
IC002Q01NA,How old were you when you first used a digital device?,Male,10-12 years old,436
IC002Q01NA,How old were you when you first used a digital device?,Male,13 years old or older,137
IC002Q01NA,How old were you when you first used a digital device?,Male,I have never used a digital device until today,26
IC003Q01TA,How old were you when you first used a computer?,Female,6 years old or younger,716
IC003Q01TA,How old were you when you first used a computer?,Female,7-9 years old,899
IC003Q01TA,How old were you when you first used a computer?,Female,10-12 years old,270
IC003Q01TA,How old were you when you first used a computer?,Female,13 years old or older,63
IC003Q01TA,How old were you when you first used a computer?,Female,I have never used a digital device until today,3
IC003Q01TA,How old were you when you first used a computer?,Male,6 years old or younger,767
IC003Q01TA,How old were you when you first used a computer?,Male,7-9 years old,819
IC003Q01TA,How old were you when you first used a computer?,Male,10-12 years old,278
IC003Q01TA,How old were you when you first used a computer?,Male,13 years old or older,63
IC003Q01TA,How old were you when you first used a computer?,Male,I have never used a digital device until today,3
IC004Q01TA,How old were you when you first accessed the Internet?,Female,6 years old or younger,378
IC004Q01TA,How old were you when you first accessed the Internet?,Female,7-9 years old,914
IC004Q01TA,How old were you when you first accessed the Internet?,Female,10-12 years old,548
IC004Q01TA,How old were you when you first accessed the Internet?,Female,13 years old or older,97
IC004Q01TA,How old were you when you first accessed the Internet?,Female,I have never used a digital device until today,5
IC004Q01TA,How old were you when you first accessed the Internet?,Male,6 years old or younger,432
IC004Q01TA,How old were you when you first accessed the Internet?,Male,7-9 years old,897
IC004Q01TA,How old were you when you first accessed the Internet?,Male,10-12 years old,495
IC004Q01TA,How old were you when you first accessed the Internet?,Male,13 years old or older,90
IC004Q01TA,How old were you when you first accessed the Internet?,Male,I have never used a digital device until today,10
IC005Q01TA,"During a typical weekday, for how long do you use the Internet at school?",Female,No time,123
IC005Q01TA,"During a typical weekday, for how long do you use the Internet at school?",Female,1-30 minutes per day,527
IC005Q01TA,"During a typical weekday, for how long do you use the Internet at school?",Female,31-60 minutes per day,440
IC005Q01TA,"During a typical weekday, for how long do you use the Internet at school?",Female,Between 1 hour and 2 hours per day,407
IC005Q01TA,"During a typical weekday, for how long do you use the Internet at school?",Female,Between 2 hours and 4 hours per day,239
IC005Q01TA,"During a typical weekday, for how long do you use the Internet at school?",Female,Between 4 hours and 6 hours per day,115
IC005Q01TA,"During a typical weekday, for how long do you use the Internet at school?",Female,More than 6 hours per day,79
IC005Q01TA,"During a typical weekday, for how long do you use the Internet at school?",Male,No time,237
IC005Q01TA,"During a typical weekday, for how long do you use the Internet at school?",Male,1-30 minutes per day,548
IC005Q01TA,"During a typical weekday, for how long do you use the Internet at school?",Male,31-60 minutes per day,454
IC005Q01TA,"During a typical weekday, for how long do you use the Internet at school?",Male,Between 1 hour and 2 hours per day,313
IC005Q01TA,"During a typical weekday, for how long do you use the Internet at school?",Male,Between 2 hours and 4 hours per day,194
IC005Q01TA,"During a typical weekday, for how long do you use the Internet at school?",Male,Between 4 hours and 6 hours per day,86
IC005Q01TA,"During a typical weekday, for how long do you use the Internet at school?",Male,More than 6 hours per day,81
IC006Q01TA,"During a typical weekday, for how long do you use the Internet outside of school?",Female,No time,45
IC006Q01TA,"During a typical weekday, for how long do you use the Internet outside of school?",Female,1-30 minutes per day,66
IC006Q01TA,"During a typical weekday, for how long do you use the Internet outside of school?",Female,31-60 minutes per day,123
IC006Q01TA,"During a typical weekday, for how long do you use the Internet outside of school?",Female,Between 1 hour and 2 hours per day,346
IC006Q01TA,"During a typical weekday, for how long do you use the Internet outside of school?",Female,Between 2 hours and 4 hours per day,608
IC006Q01TA,"During a typical weekday, for how long do you use the Internet outside of school?",Female,Between 4 hours and 6 hours per day,418
IC006Q01TA,"During a typical weekday, for how long do you use the Internet outside of school?",Female,More than 6 hours per day,326
IC006Q01TA,"During a typical weekday, for how long do you use the Internet outside of school?",Male,No time,40
IC006Q01TA,"During a typical weekday, for how long do you use the Internet outside of school?",Male,1-30 minutes per day,81
IC006Q01TA,"During a typical weekday, for how long do you use the Internet outside of school?",Male,31-60 minutes per day,163
IC006Q01TA,"During a typical weekday, for how long do you use the Internet outside of school?",Male,Between 1 hour and 2 hours per day,360
IC006Q01TA,"During a typical weekday, for how long do you use the Internet outside of school?",Male,Between 2 hours and 4 hours per day,560
IC006Q01TA,"During a typical weekday, for how long do you use the Internet outside of school?",Male,Between 4 hours and 6 hours per day,385
IC006Q01TA,"During a typical weekday, for how long do you use the Internet outside of school?",Male,More than 6 hours per day,328
IC007Q01TA,"On a typical weekend day, for how long do you use the Internet outside of school?",Female,No time,45
IC007Q01TA,"On a typical weekend day, for how long do you use the Internet outside of school?",Female,1-30 minutes per day,61
IC007Q01TA,"On a typical weekend day, for how long do you use the Internet outside of school?",Female,31-60 minutes per day,94
IC007Q01TA,"On a typical weekend day, for how long do you use the Internet outside of school?",Female,Between 1 hour and 2 hours per day,234
IC007Q01TA,"On a typical weekend day, for how long do you use the Internet outside of school?",Female,Between 2 hours and 4 hours per day,477
IC007Q01TA,"On a typical weekend day, for how long do you use the Internet outside of school?",Female,Between 4 hours and 6 hours per day,484
IC007Q01TA,"On a typical weekend day, for how long do you use the Internet outside of school?",Female,More than 6 hours per day,524
IC007Q01TA,"On a typical weekend day, for how long do you use the Internet outside of school?",Male,No time,38
IC007Q01TA,"On a typical weekend day, for how long do you use the Internet outside of school?",Male,1-30 minutes per day,83
IC007Q01TA,"On a typical weekend day, for how long do you use the Internet outside of school?",Male,31-60 minutes per day,136
IC007Q01TA,"On a typical weekend day, for how long do you use the Internet outside of school?",Male,Between 1 hour and 2 hours per day,238
IC007Q01TA,"On a typical weekend day, for how long do you use the Internet outside of school?",Male,Between 2 hours and 4 hours per day,480
IC007Q01TA,"On a typical weekend day, for how long do you use the Internet outside of school?",Male,Between 4 hours and 6 hours per day,392
IC007Q01TA,"On a typical weekend day, for how long do you use the Internet outside of school?",Male,More than 6 hours per day,540
IC008Q01TA,Use digital devices outside school for playing one-player games.,Female,Never or hardly ever,989
IC008Q01TA,Use digital devices outside school for playing one-player games.,Female,Once or twice a month,353
IC008Q01TA,Use digital devices outside school for playing one-player games.,Female,Once or twice a week,304
IC008Q01TA,Use digital devices outside school for playing one-player games.,Female,Almost every day,153
IC008Q01TA,Use digital devices outside school for playing one-player games.,Female,Every day,88
IC008Q01TA,Use digital devices outside school for playing one-player games.,Male,Never or hardly ever,292
IC008Q01TA,Use digital devices outside school for playing one-player games.,Male,Once or twice a month,258
IC008Q01TA,Use digital devices outside school for playing one-player games.,Male,Once or twice a week,576
IC008Q01TA,Use digital devices outside school for playing one-player games.,Male,Almost every day,428
IC008Q01TA,Use digital devices outside school for playing one-player games.,Male,Every day,317
IC008Q02TA,Use digital devices outside school for playing collaborative online games.,Female,Never or hardly ever,1306
IC008Q02TA,Use digital devices outside school for playing collaborative online games.,Female,Once or twice a month,259
IC008Q02TA,Use digital devices outside school for playing collaborative online games.,Female,Once or twice a week,173
IC008Q02TA,Use digital devices outside school for playing collaborative online games.,Female,Almost every day,73
IC008Q02TA,Use digital devices outside school for playing collaborative online games.,Female,Every day,59
IC008Q02TA,Use digital devices outside school for playing collaborative online games.,Male,Never or hardly ever,386
IC008Q02TA,Use digital devices outside school for playing collaborative online games.,Male,Once or twice a month,235
IC008Q02TA,Use digital devices outside school for playing collaborative online games.,Male,Once or twice a week,437
IC008Q02TA,Use digital devices outside school for playing collaborative online games.,Male,Almost every day,382
IC008Q02TA,Use digital devices outside school for playing collaborative online games.,Male,Every day,416
IC008Q03TA,Use digital devices outside school for using email.,Female,Never or hardly ever,233
IC008Q03TA,Use digital devices outside school for using email.,Female,Once or twice a month,405
IC008Q03TA,Use digital devices outside school for using email.,Female,Once or twice a week,617
IC008Q03TA,Use digital devices outside school for using email.,Female,Almost every day,397
IC008Q03TA,Use digital devices outside school for using email.,Female,Every day,220
IC008Q03TA,Use digital devices outside school for using email.,Male,Never or hardly ever,314
IC008Q03TA,Use digital devices outside school for using email.,Male,Once or twice a month,328
IC008Q03TA,Use digital devices outside school for using email.,Male,Once or twice a week,607
IC008Q03TA,Use digital devices outside school for using email.,Male,Almost every day,342
IC008Q03TA,Use digital devices outside school for using email.,Male,Every day,266
IC008Q04TA,Use digital devices outside school for <Chatting online> (e.g. <MSN®>).,Female,Never or hardly ever,107
IC008Q04TA,Use digital devices outside school for <Chatting online> (e.g. <MSN®>).,Female,Once or twice a month,70
IC008Q04TA,Use digital devices outside school for <Chatting online> (e.g. <MSN®>).,Female,Once or twice a week,184
IC008Q04TA,Use digital devices outside school for <Chatting online> (e.g. <MSN®>).,Female,Almost every day,443
IC008Q04TA,Use digital devices outside school for <Chatting online> (e.g. <MSN®>).,Female,Every day,1084
IC008Q04TA,Use digital devices outside school for <Chatting online> (e.g. <MSN®>).,Male,Never or hardly ever,135
IC008Q04TA,Use digital devices outside school for <Chatting online> (e.g. <MSN®>).,Male,Once or twice a month,66
IC008Q04TA,Use digital devices outside school for <Chatting online> (e.g. <MSN®>).,Male,Once or twice a week,245
IC008Q04TA,Use digital devices outside school for <Chatting online> (e.g. <MSN®>).,Male,Almost every day,500
IC008Q04TA,Use digital devices outside school for <Chatting online> (e.g. <MSN®>).,Male,Every day,917
IC008Q05TA,"Use digital devices outside school for social networks (e.g. <Facebook>, <MySpace>).",Female,Never or hardly ever,123
IC008Q05TA,"Use digital devices outside school for social networks (e.g. <Facebook>, <MySpace>).",Female,Once or twice a month,50
IC008Q05TA,"Use digital devices outside school for social networks (e.g. <Facebook>, <MySpace>).",Female,Once or twice a week,161
IC008Q05TA,"Use digital devices outside school for social networks (e.g. <Facebook>, <MySpace>).",Female,Almost every day,400
IC008Q05TA,"Use digital devices outside school for social networks (e.g. <Facebook>, <MySpace>).",Female,Every day,1135
IC008Q05TA,"Use digital devices outside school for social networks (e.g. <Facebook>, <MySpace>).",Male,Never or hardly ever,187
IC008Q05TA,"Use digital devices outside school for social networks (e.g. <Facebook>, <MySpace>).",Male,Once or twice a month,74
IC008Q05TA,"Use digital devices outside school for social networks (e.g. <Facebook>, <MySpace>).",Male,Once or twice a week,236
IC008Q05TA,"Use digital devices outside school for social networks (e.g. <Facebook>, <MySpace>).",Male,Almost every day,465
IC008Q05TA,"Use digital devices outside school for social networks (e.g. <Facebook>, <MySpace>).",Male,Every day,896
IC008Q07NA,"Use digital devices outside school for online games\Social Networks (e.g. <Farmville®>, <The Sims Social>).",Female,Never or hardly ever,1198
IC008Q07NA,"Use digital devices outside school for online games\Social Networks (e.g. <Farmville®>, <The Sims Social>).",Female,Once or twice a month,276
IC008Q07NA,"Use digital devices outside school for online games\Social Networks (e.g. <Farmville®>, <The Sims Social>).",Female,Once or twice a week,183
IC008Q07NA,"Use digital devices outside school for online games\Social Networks (e.g. <Farmville®>, <The Sims Social>).",Female,Almost every day,100
IC008Q07NA,"Use digital devices outside school for online games\Social Networks (e.g. <Farmville®>, <The Sims Social>).",Female,Every day,105
IC008Q07NA,"Use digital devices outside school for online games\Social Networks (e.g. <Farmville®>, <The Sims Social>).",Male,Never or hardly ever,963
IC008Q07NA,"Use digital devices outside school for online games\Social Networks (e.g. <Farmville®>, <The Sims Social>).",Male,Once or twice a month,220
IC008Q07NA,"Use digital devices outside school for online games\Social Networks (e.g. <Farmville®>, <The Sims Social>).",Male,Once or twice a week,245
IC008Q07NA,"Use digital devices outside school for online games\Social Networks (e.g. <Farmville®>, <The Sims Social>).",Male,Almost every day,201
IC008Q07NA,"Use digital devices outside school for online games\Social Networks (e.g. <Farmville®>, <The Sims Social>).",Male,Every day,231
IC008Q08TA,"Use digital devices outside school for browsing the Internet for fun videos, e.g. <YouTube>).",Female,Never or hardly ever,98
IC008Q08TA,"Use digital devices outside school for browsing the Internet for fun videos, e.g. <YouTube>).",Female,Once or twice a month,120
IC008Q08TA,"Use digital devices outside school for browsing the Internet for fun videos, e.g. <YouTube>).",Female,Once or twice a week,396
IC008Q08TA,"Use digital devices outside school for browsing the Internet for fun videos, e.g. <YouTube>).",Female,Almost every day,521
IC008Q08TA,"Use digital devices outside school for browsing the Internet for fun videos, e.g. <YouTube>).",Female,Every day,738
IC008Q08TA,"Use digital devices outside school for browsing the Internet for fun videos, e.g. <YouTube>).",Male,Never or hardly ever,68
IC008Q08TA,"Use digital devices outside school for browsing the Internet for fun videos, e.g. <YouTube>).",Male,Once or twice a month,94
IC008Q08TA,"Use digital devices outside school for browsing the Internet for fun videos, e.g. <YouTube>).",Male,Once or twice a week,284
IC008Q08TA,"Use digital devices outside school for browsing the Internet for fun videos, e.g. <YouTube>).",Male,Almost every day,530
IC008Q08TA,"Use digital devices outside school for browsing the Internet for fun videos, e.g. <YouTube>).",Male,Every day,876
IC008Q09TA,Use digital devices outside school for reading news on the Internet (e.g. current affairs).,Female,Never or hardly ever,397
IC008Q09TA,Use digital devices outside school for reading news on the Internet (e.g. current affairs).,Female,Once or twice a month,414
IC008Q09TA,Use digital devices outside school for reading news on the Internet (e.g. current affairs).,Female,Once or twice a week,550
IC008Q09TA,Use digital devices outside school for reading news on the Internet (e.g. current affairs).,Female,Almost every day,302
IC008Q09TA,Use digital devices outside school for reading news on the Internet (e.g. current affairs).,Female,Every day,195
IC008Q09TA,Use digital devices outside school for reading news on the Internet (e.g. current affairs).,Male,Never or hardly ever,370
IC008Q09TA,Use digital devices outside school for reading news on the Internet (e.g. current affairs).,Male,Once or twice a month,303
IC008Q09TA,Use digital devices outside school for reading news on the Internet (e.g. current affairs).,Male,Once or twice a week,492
IC008Q09TA,Use digital devices outside school for reading news on the Internet (e.g. current affairs).,Male,Almost every day,375
IC008Q09TA,Use digital devices outside school for reading news on the Internet (e.g. current affairs).,Male,Every day,305
IC008Q10TA,Use digital devices outside school for obtaining practical information from the Internet,Female,Never or hardly ever,306
IC008Q10TA,Use digital devices outside school for obtaining practical information from the Internet,Female,Once or twice a month,376
IC008Q10TA,Use digital devices outside school for obtaining practical information from the Internet,Female,Once or twice a week,628
IC008Q10TA,Use digital devices outside school for obtaining practical information from the Internet,Female,Almost every day,364
IC008Q10TA,Use digital devices outside school for obtaining practical information from the Internet,Female,Every day,188
IC008Q10TA,Use digital devices outside school for obtaining practical information from the Internet,Male,Never or hardly ever,234
IC008Q10TA,Use digital devices outside school for obtaining practical information from the Internet,Male,Once or twice a month,300
IC008Q10TA,Use digital devices outside school for obtaining practical information from the Internet,Male,Once or twice a week,601
IC008Q10TA,Use digital devices outside school for obtaining practical information from the Internet,Male,Almost every day,435
IC008Q10TA,Use digital devices outside school for obtaining practical information from the Internet,Male,Every day,266
IC008Q11TA,"Use digital devices outside school for downloading music, films, games or software from the Internet.",Female,Never or hardly ever,245
IC008Q11TA,"Use digital devices outside school for downloading music, films, games or software from the Internet.",Female,Once or twice a month,372
IC008Q11TA,"Use digital devices outside school for downloading music, films, games or software from the Internet.",Female,Once or twice a week,505
IC008Q11TA,"Use digital devices outside school for downloading music, films, games or software from the Internet.",Female,Almost every day,396
IC008Q11TA,"Use digital devices outside school for downloading music, films, games or software from the Internet.",Female,Every day,344
IC008Q11TA,"Use digital devices outside school for downloading music, films, games or software from the Internet.",Male,Never or hardly ever,191
IC008Q11TA,"Use digital devices outside school for downloading music, films, games or software from the Internet.",Male,Once or twice a month,274
IC008Q11TA,"Use digital devices outside school for downloading music, films, games or software from the Internet.",Male,Once or twice a week,506
IC008Q11TA,"Use digital devices outside school for downloading music, films, games or software from the Internet.",Male,Almost every day,482
IC008Q11TA,"Use digital devices outside school for downloading music, films, games or software from the Internet.",Male,Every day,396
IC008Q12TA,Use digital devices outside school for uploading your own created contents for sharing,Female,Never or hardly ever,1160
IC008Q12TA,Use digital devices outside school for uploading your own created contents for sharing,Female,Once or twice a month,288
IC008Q12TA,Use digital devices outside school for uploading your own created contents for sharing,Female,Once or twice a week,191
IC008Q12TA,Use digital devices outside school for uploading your own created contents for sharing,Female,Almost every day,103
IC008Q12TA,Use digital devices outside school for uploading your own created contents for sharing,Female,Every day,110
IC008Q12TA,Use digital devices outside school for uploading your own created contents for sharing,Male,Never or hardly ever,981
IC008Q12TA,Use digital devices outside school for uploading your own created contents for sharing,Male,Once or twice a month,335
IC008Q12TA,Use digital devices outside school for uploading your own created contents for sharing,Male,Once or twice a week,254
IC008Q12TA,Use digital devices outside school for uploading your own created contents for sharing,Male,Almost every day,139
IC008Q12TA,Use digital devices outside school for uploading your own created contents for sharing,Male,Every day,134
IC008Q13NA,Use digital devices outside school for downloading new apps on a mobile device.,Female,Never or hardly ever,239
IC008Q13NA,Use digital devices outside school for downloading new apps on a mobile device.,Female,Once or twice a month,837
IC008Q13NA,Use digital devices outside school for downloading new apps on a mobile device.,Female,Once or twice a week,465
IC008Q13NA,Use digital devices outside school for downloading new apps on a mobile device.,Female,Almost every day,177
IC008Q13NA,Use digital devices outside school for downloading new apps on a mobile device.,Female,Every day,143
IC008Q13NA,Use digital devices outside school for downloading new apps on a mobile device.,Male,Never or hardly ever,205
IC008Q13NA,Use digital devices outside school for downloading new apps on a mobile device.,Male,Once or twice a month,615
IC008Q13NA,Use digital devices outside school for downloading new apps on a mobile device.,Male,Once or twice a week,561
IC008Q13NA,Use digital devices outside school for downloading new apps on a mobile device.,Male,Almost every day,256
IC008Q13NA,Use digital devices outside school for downloading new apps on a mobile device.,Male,Every day,207
IC009Q01TA,Digitial devices available at school: Desktop computer,Female,"Yes, and I use it",1478
IC009Q01TA,Digitial devices available at school: Desktop computer,Female,"Yes, but I don't use it",402
IC009Q01TA,Digitial devices available at school: Desktop computer,Female,No,79
IC009Q01TA,Digitial devices available at school: Desktop computer,Male,"Yes, and I use it",1466
IC009Q01TA,Digitial devices available at school: Desktop computer,Male,"Yes, but I don't use it",327
IC009Q01TA,Digitial devices available at school: Desktop computer,Male,No,146
IC009Q02TA,Digitial devices available at school: Portable laptop or notebook,Female,"Yes, and I use it",1048
IC009Q02TA,Digitial devices available at school: Portable laptop or notebook,Female,"Yes, but I don't use it",443
IC009Q02TA,Digitial devices available at school: Portable laptop or notebook,Female,No,450
IC009Q02TA,Digitial devices available at school: Portable laptop or notebook,Male,"Yes, and I use it",1006
IC009Q02TA,Digitial devices available at school: Portable laptop or notebook,Male,"Yes, but I don't use it",390
IC009Q02TA,Digitial devices available at school: Portable laptop or notebook,Male,No,531
IC009Q05NA,Digitial devices available at school: Internet connected school computers,Female,"Yes, and I use it",1654
IC009Q05NA,Digitial devices available at school: Internet connected school computers,Female,"Yes, but I don't use it",251
IC009Q05NA,Digitial devices available at school: Internet connected school computers,Female,No,41
IC009Q05NA,Digitial devices available at school: Internet connected school computers,Male,"Yes, and I use it",1600
IC009Q05NA,Digitial devices available at school: Internet connected school computers,Male,"Yes, but I don't use it",249
IC009Q05NA,Digitial devices available at school: Internet connected school computers,Male,No,80
IC009Q06NA,Digitial devices available at school: Internet connection via wireless network,Female,"Yes, and I use it",1611
IC009Q06NA,Digitial devices available at school: Internet connection via wireless network,Female,"Yes, but I don't use it",231
IC009Q06NA,Digitial devices available at school: Internet connection via wireless network,Female,No,102
IC009Q06NA,Digitial devices available at school: Internet connection via wireless network,Male,"Yes, and I use it",1475
IC009Q06NA,Digitial devices available at school: Internet connection via wireless network,Male,"Yes, but I don't use it",248
IC009Q06NA,Digitial devices available at school: Internet connection via wireless network,Male,No,191
IC009Q07NA,"Digitial devices available at school: Storage space for school-related data, e.g. a folder for own documents",Female,"Yes, and I use it",1553
IC009Q07NA,"Digitial devices available at school: Storage space for school-related data, e.g. a folder for own documents",Female,"Yes, but I don't use it",251
IC009Q07NA,"Digitial devices available at school: Storage space for school-related data, e.g. a folder for own documents",Female,No,135
IC009Q07NA,"Digitial devices available at school: Storage space for school-related data, e.g. a folder for own documents",Male,"Yes, and I use it",1503
IC009Q07NA,"Digitial devices available at school: Storage space for school-related data, e.g. a folder for own documents",Male,"Yes, but I don't use it",257
IC009Q07NA,"Digitial devices available at school: Storage space for school-related data, e.g. a folder for own documents",Male,No,153
IC009Q08TA,Digitial devices available at school: USB (memory) stick,Female,"Yes, and I use it",672
IC009Q08TA,Digitial devices available at school: USB (memory) stick,Female,"Yes, but I don't use it",398
IC009Q08TA,Digitial devices available at school: USB (memory) stick,Female,No,869
IC009Q08TA,Digitial devices available at school: USB (memory) stick,Male,"Yes, and I use it",769
IC009Q08TA,Digitial devices available at school: USB (memory) stick,Male,"Yes, but I don't use it",363
IC009Q08TA,Digitial devices available at school: USB (memory) stick,Male,No,775
IC009Q09TA,"Digitial devices available at school: <ebook reader>, e.g. <Amazon® Kindle>",Female,"Yes, and I use it",78
IC009Q09TA,"Digitial devices available at school: <ebook reader>, e.g. <Amazon® Kindle>",Female,"Yes, but I don't use it",213
IC009Q09TA,"Digitial devices available at school: <ebook reader>, e.g. <Amazon® Kindle>",Female,No,1613
IC009Q09TA,"Digitial devices available at school: <ebook reader>, e.g. <Amazon® Kindle>",Male,"Yes, and I use it",169
IC009Q09TA,"Digitial devices available at school: <ebook reader>, e.g. <Amazon® Kindle>",Male,"Yes, but I don't use it",225
IC009Q09TA,"Digitial devices available at school: <ebook reader>, e.g. <Amazon® Kindle>",Male,No,1487
IC009Q10NA,"Digitial devices available at school: Data projector, e.g. for slide presentations",Female,"Yes, and I use it",992
IC009Q10NA,"Digitial devices available at school: Data projector, e.g. for slide presentations",Female,"Yes, but I don't use it",771
IC009Q10NA,"Digitial devices available at school: Data projector, e.g. for slide presentations",Female,No,181
IC009Q10NA,"Digitial devices available at school: Data projector, e.g. for slide presentations",Male,"Yes, and I use it",930
IC009Q10NA,"Digitial devices available at school: Data projector, e.g. for slide presentations",Male,"Yes, but I don't use it",695
IC009Q10NA,"Digitial devices available at school: Data projector, e.g. for slide presentations",Male,No,280
IC009Q11NA,"Digitial devices available at school: Interactive Whiteboard, e.g. <Smartboard®>",Female,"Yes, and I use it",500
IC009Q11NA,"Digitial devices available at school: Interactive Whiteboard, e.g. <Smartboard®>",Female,"Yes, but I don't use it",635
IC009Q11NA,"Digitial devices available at school: Interactive Whiteboard, e.g. <Smartboard®>",Female,No,799
IC009Q11NA,"Digitial devices available at school: Interactive Whiteboard, e.g. <Smartboard®>",Male,"Yes, and I use it",462
IC009Q11NA,"Digitial devices available at school: Interactive Whiteboard, e.g. <Smartboard®>",Male,"Yes, but I don't use it",547
IC009Q11NA,"Digitial devices available at school: Interactive Whiteboard, e.g. <Smartboard®>",Male,No,892
IC010Q01TA,Frequency of use outside of school: Browsing the Internet for schoolwork (e.g. for preparing an essay or presentation,Female,Never or hardly ever,134
IC010Q01TA,Frequency of use outside of school: Browsing the Internet for schoolwork (e.g. for preparing an essay or presentation,Female,Once or twice a month,271
IC010Q01TA,Frequency of use outside of school: Browsing the Internet for schoolwork (e.g. for preparing an essay or presentation,Female,Once or twice a week,765
IC010Q01TA,Frequency of use outside of school: Browsing the Internet for schoolwork (e.g. for preparing an essay or presentation,Female,Almost every day,480
IC010Q01TA,Frequency of use outside of school: Browsing the Internet for schoolwork (e.g. for preparing an essay or presentation,Female,Every day,192
IC010Q01TA,Frequency of use outside of school: Browsing the Internet for schoolwork (e.g. for preparing an essay or presentation,Male,Never or hardly ever,195
IC010Q01TA,Frequency of use outside of school: Browsing the Internet for schoolwork (e.g. for preparing an essay or presentation,Male,Once or twice a month,314
IC010Q01TA,Frequency of use outside of school: Browsing the Internet for schoolwork (e.g. for preparing an essay or presentation,Male,Once or twice a week,714
IC010Q01TA,Frequency of use outside of school: Browsing the Internet for schoolwork (e.g. for preparing an essay or presentation,Male,Almost every day,399
IC010Q01TA,Frequency of use outside of school: Browsing the Internet for schoolwork (e.g. for preparing an essay or presentation,Male,Every day,190
IC010Q02NA,"Frequency of use outside of school: Browsing the Internet to follow up lessons, e.g. for finding explanations.",Female,Never or hardly ever,291
IC010Q02NA,"Frequency of use outside of school: Browsing the Internet to follow up lessons, e.g. for finding explanations.",Female,Once or twice a month,440
IC010Q02NA,"Frequency of use outside of school: Browsing the Internet to follow up lessons, e.g. for finding explanations.",Female,Once or twice a week,674
IC010Q02NA,"Frequency of use outside of school: Browsing the Internet to follow up lessons, e.g. for finding explanations.",Female,Almost every day,301
IC010Q02NA,"Frequency of use outside of school: Browsing the Internet to follow up lessons, e.g. for finding explanations.",Female,Every day,121
IC010Q02NA,"Frequency of use outside of school: Browsing the Internet to follow up lessons, e.g. for finding explanations.",Male,Never or hardly ever,339
IC010Q02NA,"Frequency of use outside of school: Browsing the Internet to follow up lessons, e.g. for finding explanations.",Male,Once or twice a month,404
IC010Q02NA,"Frequency of use outside of school: Browsing the Internet to follow up lessons, e.g. for finding explanations.",Male,Once or twice a week,626
IC010Q02NA,"Frequency of use outside of school: Browsing the Internet to follow up lessons, e.g. for finding explanations.",Male,Almost every day,284
IC010Q02NA,"Frequency of use outside of school: Browsing the Internet to follow up lessons, e.g. for finding explanations.",Male,Every day,136
IC010Q03TA,Frequency of use outside of school: Using email for communication with other students about schoolwork.,Female,Never or hardly ever,608
IC010Q03TA,Frequency of use outside of school: Using email for communication with other students about schoolwork.,Female,Once or twice a month,435
IC010Q03TA,Frequency of use outside of school: Using email for communication with other students about schoolwork.,Female,Once or twice a week,459
IC010Q03TA,Frequency of use outside of school: Using email for communication with other students about schoolwork.,Female,Almost every day,219
IC010Q03TA,Frequency of use outside of school: Using email for communication with other students about schoolwork.,Female,Every day,103
IC010Q03TA,Frequency of use outside of school: Using email for communication with other students about schoolwork.,Male,Never or hardly ever,649
IC010Q03TA,Frequency of use outside of school: Using email for communication with other students about schoolwork.,Male,Once or twice a month,424
IC010Q03TA,Frequency of use outside of school: Using email for communication with other students about schoolwork.,Male,Once or twice a week,411
IC010Q03TA,Frequency of use outside of school: Using email for communication with other students about schoolwork.,Male,Almost every day,189
IC010Q03TA,Frequency of use outside of school: Using email for communication with other students about schoolwork.,Male,Every day,120
IC010Q04TA,Frequency of use outside of school: Using email for communication with teacher\submit of homework or other schoolwork,Female,Never or hardly ever,416
IC010Q04TA,Frequency of use outside of school: Using email for communication with teacher\submit of homework or other schoolwork,Female,Once or twice a month,629
IC010Q04TA,Frequency of use outside of school: Using email for communication with teacher\submit of homework or other schoolwork,Female,Once or twice a week,504
IC010Q04TA,Frequency of use outside of school: Using email for communication with teacher\submit of homework or other schoolwork,Female,Almost every day,188
IC010Q04TA,Frequency of use outside of school: Using email for communication with teacher\submit of homework or other schoolwork,Female,Every day,90
IC010Q04TA,Frequency of use outside of school: Using email for communication with teacher\submit of homework or other schoolwork,Male,Never or hardly ever,472
IC010Q04TA,Frequency of use outside of school: Using email for communication with teacher\submit of homework or other schoolwork,Male,Once or twice a month,565
IC010Q04TA,Frequency of use outside of school: Using email for communication with teacher\submit of homework or other schoolwork,Male,Once or twice a week,457
IC010Q04TA,Frequency of use outside of school: Using email for communication with teacher\submit of homework or other schoolwork,Male,Almost every day,174
IC010Q04TA,Frequency of use outside of school: Using email for communication with teacher\submit of homework or other schoolwork,Male,Every day,105
IC010Q05NA,Frequency of use outside of school: Using Social Networks for communication with other students about schoolwork.,Female,Never or hardly ever,272
IC010Q05NA,Frequency of use outside of school: Using Social Networks for communication with other students about schoolwork.,Female,Once or twice a month,336
IC010Q05NA,Frequency of use outside of school: Using Social Networks for communication with other students about schoolwork.,Female,Once or twice a week,542
IC010Q05NA,Frequency of use outside of school: Using Social Networks for communication with other students about schoolwork.,Female,Almost every day,374
IC010Q05NA,Frequency of use outside of school: Using Social Networks for communication with other students about schoolwork.,Female,Every day,299
IC010Q05NA,Frequency of use outside of school: Using Social Networks for communication with other students about schoolwork.,Male,Never or hardly ever,360
IC010Q05NA,Frequency of use outside of school: Using Social Networks for communication with other students about schoolwork.,Male,Once or twice a month,372
IC010Q05NA,Frequency of use outside of school: Using Social Networks for communication with other students about schoolwork.,Male,Once or twice a week,491
IC010Q05NA,Frequency of use outside of school: Using Social Networks for communication with other students about schoolwork.,Male,Almost every day,316
IC010Q05NA,Frequency of use outside of school: Using Social Networks for communication with other students about schoolwork.,Male,Every day,240
IC010Q06NA,Frequency of use outside of school: Using Social Networks for communication with teachers.,Female,Never or hardly ever,1276
IC010Q06NA,Frequency of use outside of school: Using Social Networks for communication with teachers.,Female,Once or twice a month,189
IC010Q06NA,Frequency of use outside of school: Using Social Networks for communication with teachers.,Female,Once or twice a week,155
IC010Q06NA,Frequency of use outside of school: Using Social Networks for communication with teachers.,Female,Almost every day,97
IC010Q06NA,Frequency of use outside of school: Using Social Networks for communication with teachers.,Female,Every day,98
IC010Q06NA,Frequency of use outside of school: Using Social Networks for communication with teachers.,Male,Never or hardly ever,1063
IC010Q06NA,Frequency of use outside of school: Using Social Networks for communication with teachers.,Male,Once or twice a month,221
IC010Q06NA,Frequency of use outside of school: Using Social Networks for communication with teachers.,Male,Once or twice a week,238
IC010Q06NA,Frequency of use outside of school: Using Social Networks for communication with teachers.,Male,Almost every day,138
IC010Q06NA,Frequency of use outside of school: Using Social Networks for communication with teachers.,Male,Every day,107
IC010Q07TA,Frequency of use outside of school: Download\upload\browsing from school website (e.g. time table or course materials,Female,Never or hardly ever,712
IC010Q07TA,Frequency of use outside of school: Download\upload\browsing from school website (e.g. time table or course materials,Female,Once or twice a month,516
IC010Q07TA,Frequency of use outside of school: Download\upload\browsing from school website (e.g. time table or course materials,Female,Once or twice a week,368
IC010Q07TA,Frequency of use outside of school: Download\upload\browsing from school website (e.g. time table or course materials,Female,Almost every day,146
IC010Q07TA,Frequency of use outside of school: Download\upload\browsing from school website (e.g. time table or course materials,Female,Every day,77
IC010Q07TA,Frequency of use outside of school: Download\upload\browsing from school website (e.g. time table or course materials,Male,Never or hardly ever,651
IC010Q07TA,Frequency of use outside of school: Download\upload\browsing from school website (e.g. time table or course materials,Male,Once or twice a month,468
IC010Q07TA,Frequency of use outside of school: Download\upload\browsing from school website (e.g. time table or course materials,Male,Once or twice a week,375
IC010Q07TA,Frequency of use outside of school: Download\upload\browsing from school website (e.g. time table or course materials,Male,Almost every day,167
IC010Q07TA,Frequency of use outside of school: Download\upload\browsing from school website (e.g. time table or course materials,Male,Every day,107
IC010Q08TA,"Frequency of use outside of school: Checking the schools website for announcements, e.g. absence of teachers.",Female,Never or hardly ever,731
IC010Q08TA,"Frequency of use outside of school: Checking the schools website for announcements, e.g. absence of teachers.",Female,Once or twice a month,456
IC010Q08TA,"Frequency of use outside of school: Checking the schools website for announcements, e.g. absence of teachers.",Female,Once or twice a week,357
IC010Q08TA,"Frequency of use outside of school: Checking the schools website for announcements, e.g. absence of teachers.",Female,Almost every day,178
IC010Q08TA,"Frequency of use outside of school: Checking the schools website for announcements, e.g. absence of teachers.",Female,Every day,88
IC010Q08TA,"Frequency of use outside of school: Checking the schools website for announcements, e.g. absence of teachers.",Male,Never or hardly ever,677
IC010Q08TA,"Frequency of use outside of school: Checking the schools website for announcements, e.g. absence of teachers.",Male,Once or twice a month,396
IC010Q08TA,"Frequency of use outside of school: Checking the schools website for announcements, e.g. absence of teachers.",Male,Once or twice a week,374
IC010Q08TA,"Frequency of use outside of school: Checking the schools website for announcements, e.g. absence of teachers.",Male,Almost every day,201
IC010Q08TA,"Frequency of use outside of school: Checking the schools website for announcements, e.g. absence of teachers.",Male,Every day,116
IC010Q09NA,Frequency of use outside of school: Doing homework on a computer.,Female,Never or hardly ever,139
IC010Q09NA,Frequency of use outside of school: Doing homework on a computer.,Female,Once or twice a month,229
IC010Q09NA,Frequency of use outside of school: Doing homework on a computer.,Female,Once or twice a week,589
IC010Q09NA,Frequency of use outside of school: Doing homework on a computer.,Female,Almost every day,526
IC010Q09NA,Frequency of use outside of school: Doing homework on a computer.,Female,Every day,338
IC010Q09NA,Frequency of use outside of school: Doing homework on a computer.,Male,Never or hardly ever,201
IC010Q09NA,Frequency of use outside of school: Doing homework on a computer.,Male,Once or twice a month,293
IC010Q09NA,Frequency of use outside of school: Doing homework on a computer.,Male,Once or twice a week,580
IC010Q09NA,Frequency of use outside of school: Doing homework on a computer.,Male,Almost every day,467
IC010Q09NA,Frequency of use outside of school: Doing homework on a computer.,Male,Every day,243
IC010Q10NA,Frequency of use outside of school: Doing homework on a mobile device.,Female,Never or hardly ever,523
IC010Q10NA,Frequency of use outside of school: Doing homework on a mobile device.,Female,Once or twice a month,410
IC010Q10NA,Frequency of use outside of school: Doing homework on a mobile device.,Female,Once or twice a week,436
IC010Q10NA,Frequency of use outside of school: Doing homework on a mobile device.,Female,Almost every day,290
IC010Q10NA,Frequency of use outside of school: Doing homework on a mobile device.,Female,Every day,153
IC010Q10NA,Frequency of use outside of school: Doing homework on a mobile device.,Male,Never or hardly ever,634
IC010Q10NA,Frequency of use outside of school: Doing homework on a mobile device.,Male,Once or twice a month,355
IC010Q10NA,Frequency of use outside of school: Doing homework on a mobile device.,Male,Once or twice a week,425
IC010Q10NA,Frequency of use outside of school: Doing homework on a mobile device.,Male,Almost every day,229
IC010Q10NA,Frequency of use outside of school: Doing homework on a mobile device.,Male,Every day,120
IC010Q11NA,Frequency of use outside of school: Downloading learning apps on a mobile device.,Female,Never or hardly ever,878
IC010Q11NA,Frequency of use outside of school: Downloading learning apps on a mobile device.,Female,Once or twice a month,506
IC010Q11NA,Frequency of use outside of school: Downloading learning apps on a mobile device.,Female,Once or twice a week,216
IC010Q11NA,Frequency of use outside of school: Downloading learning apps on a mobile device.,Female,Almost every day,139
IC010Q11NA,Frequency of use outside of school: Downloading learning apps on a mobile device.,Female,Every day,78
IC010Q11NA,Frequency of use outside of school: Downloading learning apps on a mobile device.,Male,Never or hardly ever,902
IC010Q11NA,Frequency of use outside of school: Downloading learning apps on a mobile device.,Male,Once or twice a month,398
IC010Q11NA,Frequency of use outside of school: Downloading learning apps on a mobile device.,Male,Once or twice a week,245
IC010Q11NA,Frequency of use outside of school: Downloading learning apps on a mobile device.,Male,Almost every day,131
IC010Q11NA,Frequency of use outside of school: Downloading learning apps on a mobile device.,Male,Every day,102
IC010Q12NA,Frequency of use outside of school: Downloading science learning apps on a mobile device.,Female,Never or hardly ever,1296
IC010Q12NA,Frequency of use outside of school: Downloading science learning apps on a mobile device.,Female,Once or twice a month,250
IC010Q12NA,Frequency of use outside of school: Downloading science learning apps on a mobile device.,Female,Once or twice a week,119
IC010Q12NA,Frequency of use outside of school: Downloading science learning apps on a mobile device.,Female,Almost every day,97
IC010Q12NA,Frequency of use outside of school: Downloading science learning apps on a mobile device.,Female,Every day,53
IC010Q12NA,Frequency of use outside of school: Downloading science learning apps on a mobile device.,Male,Never or hardly ever,1067
IC010Q12NA,Frequency of use outside of school: Downloading science learning apps on a mobile device.,Male,Once or twice a month,289
IC010Q12NA,Frequency of use outside of school: Downloading science learning apps on a mobile device.,Male,Once or twice a week,208
IC010Q12NA,Frequency of use outside of school: Downloading science learning apps on a mobile device.,Male,Almost every day,113
IC010Q12NA,Frequency of use outside of school: Downloading science learning apps on a mobile device.,Male,Every day,91
IC011Q01TA,Frequency of use at school: <Chatting on line> at school.,Female,Never or hardly ever,648
IC011Q01TA,Frequency of use at school: <Chatting on line> at school.,Female,Once or twice a month,226
IC011Q01TA,Frequency of use at school: <Chatting on line> at school.,Female,Once or twice a week,333
IC011Q01TA,Frequency of use at school: <Chatting on line> at school.,Female,Almost every day,352
IC011Q01TA,Frequency of use at school: <Chatting on line> at school.,Female,Every day,279
IC011Q01TA,Frequency of use at school: <Chatting on line> at school.,Male,Never or hardly ever,741
IC011Q01TA,Frequency of use at school: <Chatting on line> at school.,Male,Once or twice a month,210
IC011Q01TA,Frequency of use at school: <Chatting on line> at school.,Male,Once or twice a week,336
IC011Q01TA,Frequency of use at school: <Chatting on line> at school.,Male,Almost every day,296
IC011Q01TA,Frequency of use at school: <Chatting on line> at school.,Male,Every day,213
IC011Q02TA,Frequency of use at school: Using email at school.,Female,Never or hardly ever,305
IC011Q02TA,Frequency of use at school: Using email at school.,Female,Once or twice a month,395
IC011Q02TA,Frequency of use at school: Using email at school.,Female,Once or twice a week,585
IC011Q02TA,Frequency of use at school: Using email at school.,Female,Almost every day,339
IC011Q02TA,Frequency of use at school: Using email at school.,Female,Every day,191
IC011Q02TA,Frequency of use at school: Using email at school.,Male,Never or hardly ever,492
IC011Q02TA,Frequency of use at school: Using email at school.,Male,Once or twice a month,371
IC011Q02TA,Frequency of use at school: Using email at school.,Male,Once or twice a week,511
IC011Q02TA,Frequency of use at school: Using email at school.,Male,Almost every day,255
IC011Q02TA,Frequency of use at school: Using email at school.,Male,Every day,147
IC011Q03TA,Frequency of use at school: Browsing the Internet for schoolwork.,Female,Never or hardly ever,169
IC011Q03TA,Frequency of use at school: Browsing the Internet for schoolwork.,Female,Once or twice a month,279
IC011Q03TA,Frequency of use at school: Browsing the Internet for schoolwork.,Female,Once or twice a week,643
IC011Q03TA,Frequency of use at school: Browsing the Internet for schoolwork.,Female,Almost every day,479
IC011Q03TA,Frequency of use at school: Browsing the Internet for schoolwork.,Female,Every day,238
IC011Q03TA,Frequency of use at school: Browsing the Internet for schoolwork.,Male,Never or hardly ever,280
IC011Q03TA,Frequency of use at school: Browsing the Internet for schoolwork.,Male,Once or twice a month,277
IC011Q03TA,Frequency of use at school: Browsing the Internet for schoolwork.,Male,Once or twice a week,624
IC011Q03TA,Frequency of use at school: Browsing the Internet for schoolwork.,Male,Almost every day,393
IC011Q03TA,Frequency of use at school: Browsing the Internet for schoolwork.,Male,Every day,200
IC011Q04TA,Frequency of use at school: Download\upload\browse schools web (e.g. <intranet>).,Female,Never or hardly ever,803
IC011Q04TA,Frequency of use at school: Download\upload\browse schools web (e.g. <intranet>).,Female,Once or twice a month,388
IC011Q04TA,Frequency of use at school: Download\upload\browse schools web (e.g. <intranet>).,Female,Once or twice a week,324
IC011Q04TA,Frequency of use at school: Download\upload\browse schools web (e.g. <intranet>).,Female,Almost every day,185
IC011Q04TA,Frequency of use at school: Download\upload\browse schools web (e.g. <intranet>).,Female,Every day,109
IC011Q04TA,Frequency of use at school: Download\upload\browse schools web (e.g. <intranet>).,Male,Never or hardly ever,756
IC011Q04TA,Frequency of use at school: Download\upload\browse schools web (e.g. <intranet>).,Male,Once or twice a month,341
IC011Q04TA,Frequency of use at school: Download\upload\browse schools web (e.g. <intranet>).,Male,Once or twice a week,371
IC011Q04TA,Frequency of use at school: Download\upload\browse schools web (e.g. <intranet>).,Male,Almost every day,196
IC011Q04TA,Frequency of use at school: Download\upload\browse schools web (e.g. <intranet>).,Male,Every day,115
IC011Q05TA,Frequency of use at school: Posting my work on the schools website.,Female,Never or hardly ever,1366
IC011Q05TA,Frequency of use at school: Posting my work on the schools website.,Female,Once or twice a month,186
IC011Q05TA,Frequency of use at school: Posting my work on the schools website.,Female,Once or twice a week,139
IC011Q05TA,Frequency of use at school: Posting my work on the schools website.,Female,Almost every day,80
IC011Q05TA,Frequency of use at school: Posting my work on the schools website.,Female,Every day,47
IC011Q05TA,Frequency of use at school: Posting my work on the schools website.,Male,Never or hardly ever,1173
IC011Q05TA,Frequency of use at school: Posting my work on the schools website.,Male,Once or twice a month,207
IC011Q05TA,Frequency of use at school: Posting my work on the schools website.,Male,Once or twice a week,229
IC011Q05TA,Frequency of use at school: Posting my work on the schools website.,Male,Almost every day,89
IC011Q05TA,Frequency of use at school: Posting my work on the schools website.,Male,Every day,77
IC011Q06TA,Frequency of use at school: Playing simulations at school.,Female,Never or hardly ever,1412
IC011Q06TA,Frequency of use at school: Playing simulations at school.,Female,Once or twice a month,186
IC011Q06TA,Frequency of use at school: Playing simulations at school.,Female,Once or twice a week,108
IC011Q06TA,Frequency of use at school: Playing simulations at school.,Female,Almost every day,55
IC011Q06TA,Frequency of use at school: Playing simulations at school.,Female,Every day,39
IC011Q06TA,Frequency of use at school: Playing simulations at school.,Male,Never or hardly ever,1129
IC011Q06TA,Frequency of use at school: Playing simulations at school.,Male,Once or twice a month,275
IC011Q06TA,Frequency of use at school: Playing simulations at school.,Male,Once or twice a week,200
IC011Q06TA,Frequency of use at school: Playing simulations at school.,Male,Almost every day,97
IC011Q06TA,Frequency of use at school: Playing simulations at school.,Male,Every day,69
IC011Q07TA,"Frequency of use at school: Practicing and drilling, foreign language learning or math.",Female,Never or hardly ever,1032
IC011Q07TA,"Frequency of use at school: Practicing and drilling, foreign language learning or math.",Female,Once or twice a month,343
IC011Q07TA,"Frequency of use at school: Practicing and drilling, foreign language learning or math.",Female,Once or twice a week,237
IC011Q07TA,"Frequency of use at school: Practicing and drilling, foreign language learning or math.",Female,Almost every day,119
IC011Q07TA,"Frequency of use at school: Practicing and drilling, foreign language learning or math.",Female,Every day,69
IC011Q07TA,"Frequency of use at school: Practicing and drilling, foreign language learning or math.",Male,Never or hardly ever,992
IC011Q07TA,"Frequency of use at school: Practicing and drilling, foreign language learning or math.",Male,Once or twice a month,275
IC011Q07TA,"Frequency of use at school: Practicing and drilling, foreign language learning or math.",Male,Once or twice a week,267
IC011Q07TA,"Frequency of use at school: Practicing and drilling, foreign language learning or math.",Male,Almost every day,147
IC011Q07TA,"Frequency of use at school: Practicing and drilling, foreign language learning or math.",Male,Every day,81
IC011Q08TA,Frequency of use at school: Doing homework on a school computer.,Female,Never or hardly ever,449
IC011Q08TA,Frequency of use at school: Doing homework on a school computer.,Female,Once or twice a month,571
IC011Q08TA,Frequency of use at school: Doing homework on a school computer.,Female,Once or twice a week,436
IC011Q08TA,Frequency of use at school: Doing homework on a school computer.,Female,Almost every day,241
IC011Q08TA,Frequency of use at school: Doing homework on a school computer.,Female,Every day,108
IC011Q08TA,Frequency of use at school: Doing homework on a school computer.,Male,Never or hardly ever,516
IC011Q08TA,Frequency of use at school: Doing homework on a school computer.,Male,Once or twice a month,487
IC011Q08TA,Frequency of use at school: Doing homework on a school computer.,Male,Once or twice a week,421
IC011Q08TA,Frequency of use at school: Doing homework on a school computer.,Male,Almost every day,227
IC011Q08TA,Frequency of use at school: Doing homework on a school computer.,Male,Every day,115
IC011Q09TA,Frequency of use at school: Using school computers for group work and communication with other students.,Female,Never or hardly ever,601
IC011Q09TA,Frequency of use at school: Using school computers for group work and communication with other students.,Female,Once or twice a month,575
IC011Q09TA,Frequency of use at school: Using school computers for group work and communication with other students.,Female,Once or twice a week,380
IC011Q09TA,Frequency of use at school: Using school computers for group work and communication with other students.,Female,Almost every day,163
IC011Q09TA,Frequency of use at school: Using school computers for group work and communication with other students.,Female,Every day,91
IC011Q09TA,Frequency of use at school: Using school computers for group work and communication with other students.,Male,Never or hardly ever,669
IC011Q09TA,Frequency of use at school: Using school computers for group work and communication with other students.,Male,Once or twice a month,443
IC011Q09TA,Frequency of use at school: Using school computers for group work and communication with other students.,Male,Once or twice a week,369
IC011Q09TA,Frequency of use at school: Using school computers for group work and communication with other students.,Male,Almost every day,176
IC011Q09TA,Frequency of use at school: Using school computers for group work and communication with other students.,Male,Every day,111
IC013Q01NA,I forget about time when I'm using digital devices.,Female,Strongly disagree,74
IC013Q01NA,I forget about time when I'm using digital devices.,Female,Disagree,459
IC013Q01NA,I forget about time when I'm using digital devices.,Female,Agree,918
IC013Q01NA,I forget about time when I'm using digital devices.,Female,Strongly agree,364
IC013Q01NA,I forget about time when I'm using digital devices.,Male,Strongly disagree,129
IC013Q01NA,I forget about time when I'm using digital devices.,Male,Disagree,505
IC013Q01NA,I forget about time when I'm using digital devices.,Male,Agree,838
IC013Q01NA,I forget about time when I'm using digital devices.,Male,Strongly agree,298
IC013Q04NA,"The Internet is a great resource for obtaining information I am interested in (e.g. news, sports, dictionary).",Female,Strongly disagree,26
IC013Q04NA,"The Internet is a great resource for obtaining information I am interested in (e.g. news, sports, dictionary).",Female,Disagree,81
IC013Q04NA,"The Internet is a great resource for obtaining information I am interested in (e.g. news, sports, dictionary).",Female,Agree,1018
IC013Q04NA,"The Internet is a great resource for obtaining information I am interested in (e.g. news, sports, dictionary).",Female,Strongly agree,678
IC013Q04NA,"The Internet is a great resource for obtaining information I am interested in (e.g. news, sports, dictionary).",Male,Strongly disagree,44
IC013Q04NA,"The Internet is a great resource for obtaining information I am interested in (e.g. news, sports, dictionary).",Male,Disagree,103
IC013Q04NA,"The Internet is a great resource for obtaining information I am interested in (e.g. news, sports, dictionary).",Male,Agree,883
IC013Q04NA,"The Internet is a great resource for obtaining information I am interested in (e.g. news, sports, dictionary).",Male,Strongly agree,737
IC013Q05NA,It is very useful to have Social Networks on the Internet.,Female,Strongly disagree,38
IC013Q05NA,It is very useful to have Social Networks on the Internet.,Female,Disagree,117
IC013Q05NA,It is very useful to have Social Networks on the Internet.,Female,Agree,1017
IC013Q05NA,It is very useful to have Social Networks on the Internet.,Female,Strongly agree,627
IC013Q05NA,It is very useful to have Social Networks on the Internet.,Male,Strongly disagree,59
IC013Q05NA,It is very useful to have Social Networks on the Internet.,Male,Disagree,169
IC013Q05NA,It is very useful to have Social Networks on the Internet.,Male,Agree,958
IC013Q05NA,It is very useful to have Social Networks on the Internet.,Male,Strongly agree,574
IC013Q11NA,I am really excited discovering new digital devices or applications.,Female,Strongly disagree,78
IC013Q11NA,I am really excited discovering new digital devices or applications.,Female,Disagree,521
IC013Q11NA,I am really excited discovering new digital devices or applications.,Female,Agree,860
IC013Q11NA,I am really excited discovering new digital devices or applications.,Female,Strongly agree,328
IC013Q11NA,I am really excited discovering new digital devices or applications.,Male,Strongly disagree,67
IC013Q11NA,I am really excited discovering new digital devices or applications.,Male,Disagree,341
IC013Q11NA,I am really excited discovering new digital devices or applications.,Male,Agree,942
IC013Q11NA,I am really excited discovering new digital devices or applications.,Male,Strongly agree,410
IC013Q12NA,I really feel bad if no Internet connection is possible.,Female,Strongly disagree,135
IC013Q12NA,I really feel bad if no Internet connection is possible.,Female,Disagree,571
IC013Q12NA,I really feel bad if no Internet connection is possible.,Female,Agree,737
IC013Q12NA,I really feel bad if no Internet connection is possible.,Female,Strongly agree,359
IC013Q12NA,I really feel bad if no Internet connection is possible.,Male,Strongly disagree,159
IC013Q12NA,I really feel bad if no Internet connection is possible.,Male,Disagree,592
IC013Q12NA,I really feel bad if no Internet connection is possible.,Male,Agree,653
IC013Q12NA,I really feel bad if no Internet connection is possible.,Male,Strongly agree,356
IC013Q13NA,I like using digital devices.,Female,Strongly disagree,26
IC013Q13NA,I like using digital devices.,Female,Disagree,59
IC013Q13NA,I like using digital devices.,Female,Agree,1012
IC013Q13NA,I like using digital devices.,Female,Strongly agree,708
IC013Q13NA,I like using digital devices.,Male,Strongly disagree,29
IC013Q13NA,I like using digital devices.,Male,Disagree,78
IC013Q13NA,I like using digital devices.,Male,Agree,928
IC013Q13NA,I like using digital devices.,Male,Strongly agree,724
IC014Q03NA,I feel comfortable using digital devices that I am less familiar with.,Female,Strongly disagree,58
IC014Q03NA,I feel comfortable using digital devices that I am less familiar with.,Female,Disagree,432
IC014Q03NA,I feel comfortable using digital devices that I am less familiar with.,Female,Agree,1020
IC014Q03NA,I feel comfortable using digital devices that I am less familiar with.,Female,Strongly agree,274
IC014Q03NA,I feel comfortable using digital devices that I am less familiar with.,Male,Strongly disagree,56
IC014Q03NA,I feel comfortable using digital devices that I am less familiar with.,Male,Disagree,312
IC014Q03NA,I feel comfortable using digital devices that I am less familiar with.,Male,Agree,1012
IC014Q03NA,I feel comfortable using digital devices that I am less familiar with.,Male,Strongly agree,375
IC014Q04NA,"If my friends and relatives want to buy new digital devices or applications, I can give them advice.",Female,Strongly disagree,77
IC014Q04NA,"If my friends and relatives want to buy new digital devices or applications, I can give them advice.",Female,Disagree,352
IC014Q04NA,"If my friends and relatives want to buy new digital devices or applications, I can give them advice.",Female,Agree,1032
IC014Q04NA,"If my friends and relatives want to buy new digital devices or applications, I can give them advice.",Female,Strongly agree,319
IC014Q04NA,"If my friends and relatives want to buy new digital devices or applications, I can give them advice.",Male,Strongly disagree,53
IC014Q04NA,"If my friends and relatives want to buy new digital devices or applications, I can give them advice.",Male,Disagree,256
IC014Q04NA,"If my friends and relatives want to buy new digital devices or applications, I can give them advice.",Male,Agree,1009
IC014Q04NA,"If my friends and relatives want to buy new digital devices or applications, I can give them advice.",Male,Strongly agree,434
IC014Q06NA,I feel comfortable using my digital devices at home.,Female,Strongly disagree,16
IC014Q06NA,I feel comfortable using my digital devices at home.,Female,Disagree,39
IC014Q06NA,I feel comfortable using my digital devices at home.,Female,Agree,876
IC014Q06NA,I feel comfortable using my digital devices at home.,Female,Strongly agree,846
IC014Q06NA,I feel comfortable using my digital devices at home.,Male,Strongly disagree,29
IC014Q06NA,I feel comfortable using my digital devices at home.,Male,Disagree,63
IC014Q06NA,I feel comfortable using my digital devices at home.,Male,Agree,821
IC014Q06NA,I feel comfortable using my digital devices at home.,Male,Strongly agree,833
IC014Q08NA,"When I come across problems with digital devices, I think I can solve them.",Female,Strongly disagree,49
IC014Q08NA,"When I come across problems with digital devices, I think I can solve them.",Female,Disagree,316
IC014Q08NA,"When I come across problems with digital devices, I think I can solve them.",Female,Agree,1051
IC014Q08NA,"When I come across problems with digital devices, I think I can solve them.",Female,Strongly agree,361
IC014Q08NA,"When I come across problems with digital devices, I think I can solve them.",Male,Strongly disagree,41
IC014Q08NA,"When I come across problems with digital devices, I think I can solve them.",Male,Disagree,170
IC014Q08NA,"When I come across problems with digital devices, I think I can solve them.",Male,Agree,999
IC014Q08NA,"When I come across problems with digital devices, I think I can solve them.",Male,Strongly agree,533
IC014Q09NA,"If my friends and relatives have a problem with digital devices, I can help them.",Female,Strongly disagree,82
IC014Q09NA,"If my friends and relatives have a problem with digital devices, I can help them.",Female,Disagree,324
IC014Q09NA,"If my friends and relatives have a problem with digital devices, I can help them.",Female,Agree,1022
IC014Q09NA,"If my friends and relatives have a problem with digital devices, I can help them.",Female,Strongly agree,345
IC014Q09NA,"If my friends and relatives have a problem with digital devices, I can help them.",Male,Strongly disagree,54
IC014Q09NA,"If my friends and relatives have a problem with digital devices, I can help them.",Male,Disagree,239
IC014Q09NA,"If my friends and relatives have a problem with digital devices, I can help them.",Male,Agree,988
IC014Q09NA,"If my friends and relatives have a problem with digital devices, I can help them.",Male,Strongly agree,450
IC015Q02NA,"If I need new software, I install it by myself.",Female,Strongly disagree,191
IC015Q02NA,"If I need new software, I install it by myself.",Female,Disagree,545
IC015Q02NA,"If I need new software, I install it by myself.",Female,Agree,812
IC015Q02NA,"If I need new software, I install it by myself.",Female,Strongly agree,223
IC015Q02NA,"If I need new software, I install it by myself.",Male,Strongly disagree,96
IC015Q02NA,"If I need new software, I install it by myself.",Male,Disagree,285
IC015Q02NA,"If I need new software, I install it by myself.",Male,Agree,849
IC015Q02NA,"If I need new software, I install it by myself.",Male,Strongly agree,526
IC015Q03NA,I read information about digital devices to be independent.,Female,Strongly disagree,209
IC015Q03NA,I read information about digital devices to be independent.,Female,Disagree,688
IC015Q03NA,I read information about digital devices to be independent.,Female,Agree,726
IC015Q03NA,I read information about digital devices to be independent.,Female,Strongly agree,138
IC015Q03NA,I read information about digital devices to be independent.,Male,Strongly disagree,101
IC015Q03NA,I read information about digital devices to be independent.,Male,Disagree,471
IC015Q03NA,I read information about digital devices to be independent.,Male,Agree,853
IC015Q03NA,I read information about digital devices to be independent.,Male,Strongly agree,319
IC015Q05NA,I use digital devices as I want to use them.,Female,Strongly disagree,49
IC015Q05NA,I use digital devices as I want to use them.,Female,Disagree,143
IC015Q05NA,I use digital devices as I want to use them.,Female,Agree,1115
IC015Q05NA,I use digital devices as I want to use them.,Female,Strongly agree,455
IC015Q05NA,I use digital devices as I want to use them.,Male,Strongly disagree,42
IC015Q05NA,I use digital devices as I want to use them.,Male,Disagree,119
IC015Q05NA,I use digital devices as I want to use them.,Male,Agree,981
IC015Q05NA,I use digital devices as I want to use them.,Male,Strongly agree,603
IC015Q07NA,If I have a problem with digital devices I start to solve it on my own.,Female,Strongly disagree,94
IC015Q07NA,If I have a problem with digital devices I start to solve it on my own.,Female,Disagree,359
IC015Q07NA,If I have a problem with digital devices I start to solve it on my own.,Female,Agree,1026
IC015Q07NA,If I have a problem with digital devices I start to solve it on my own.,Female,Strongly agree,284
IC015Q07NA,If I have a problem with digital devices I start to solve it on my own.,Male,Strongly disagree,57
IC015Q07NA,If I have a problem with digital devices I start to solve it on my own.,Male,Disagree,202
IC015Q07NA,If I have a problem with digital devices I start to solve it on my own.,Male,Agree,1014
IC015Q07NA,If I have a problem with digital devices I start to solve it on my own.,Male,Strongly agree,472
IC015Q09NA,"If I need a new application, I choose it by myself.",Female,Strongly disagree,71
IC015Q09NA,"If I need a new application, I choose it by myself.",Female,Disagree,285
IC015Q09NA,"If I need a new application, I choose it by myself.",Female,Agree,1018
IC015Q09NA,"If I need a new application, I choose it by myself.",Female,Strongly agree,389
IC015Q09NA,"If I need a new application, I choose it by myself.",Male,Strongly disagree,44
IC015Q09NA,"If I need a new application, I choose it by myself.",Male,Disagree,143
IC015Q09NA,"If I need a new application, I choose it by myself.",Male,Agree,982
IC015Q09NA,"If I need a new application, I choose it by myself.",Male,Strongly agree,566
IC016Q02NA,I like to exchange solutions to problems with digital devices with others on the Internet.,Female,Strongly disagree,289
IC016Q02NA,I like to exchange solutions to problems with digital devices with others on the Internet.,Female,Disagree,704
IC016Q02NA,I like to exchange solutions to problems with digital devices with others on the Internet.,Female,Agree,642
IC016Q02NA,I like to exchange solutions to problems with digital devices with others on the Internet.,Female,Strongly agree,104
IC016Q02NA,I like to exchange solutions to problems with digital devices with others on the Internet.,Male,Strongly disagree,186
IC016Q02NA,I like to exchange solutions to problems with digital devices with others on the Internet.,Male,Disagree,566
IC016Q02NA,I like to exchange solutions to problems with digital devices with others on the Internet.,Male,Agree,793
IC016Q02NA,I like to exchange solutions to problems with digital devices with others on the Internet.,Male,Strongly agree,185
IC016Q04NA,I like to meet friends and play computer and video games with them.,Female,Strongly disagree,515
IC016Q04NA,I like to meet friends and play computer and video games with them.,Female,Disagree,644
IC016Q04NA,I like to meet friends and play computer and video games with them.,Female,Agree,458
IC016Q04NA,I like to meet friends and play computer and video games with them.,Female,Strongly agree,115
IC016Q04NA,I like to meet friends and play computer and video games with them.,Male,Strongly disagree,166
IC016Q04NA,I like to meet friends and play computer and video games with them.,Male,Disagree,276
IC016Q04NA,I like to meet friends and play computer and video games with them.,Male,Agree,800
IC016Q04NA,I like to meet friends and play computer and video games with them.,Male,Strongly agree,484
IC016Q05NA,I like to share information about digital devices with my friends.,Female,Strongly disagree,232
IC016Q05NA,I like to share information about digital devices with my friends.,Female,Disagree,627
IC016Q05NA,I like to share information about digital devices with my friends.,Female,Agree,766
IC016Q05NA,I like to share information about digital devices with my friends.,Female,Strongly agree,114
IC016Q05NA,I like to share information about digital devices with my friends.,Male,Strongly disagree,132
IC016Q05NA,I like to share information about digital devices with my friends.,Male,Disagree,452
IC016Q05NA,I like to share information about digital devices with my friends.,Male,Agree,925
IC016Q05NA,I like to share information about digital devices with my friends.,Male,Strongly agree,214
IC016Q07NA,I learn a lot about digital media by discussing with my friends and relatives.,Female,Strongly disagree,190
IC016Q07NA,I learn a lot about digital media by discussing with my friends and relatives.,Female,Disagree,522
IC016Q07NA,I learn a lot about digital media by discussing with my friends and relatives.,Female,Agree,875
IC016Q07NA,I learn a lot about digital media by discussing with my friends and relatives.,Female,Strongly agree,150
IC016Q07NA,I learn a lot about digital media by discussing with my friends and relatives.,Male,Strongly disagree,138
IC016Q07NA,I learn a lot about digital media by discussing with my friends and relatives.,Male,Disagree,389
IC016Q07NA,I learn a lot about digital media by discussing with my friends and relatives.,Male,Agree,956
IC016Q07NA,I learn a lot about digital media by discussing with my friends and relatives.,Male,Strongly agree,241
